model,videos,tasks,automatic_consistency_pass_rate,reviewed_consistency_pass_rate,mean_measurement_coverage,independent_physics_mean,automatic_total_mean,reviewed_total_mean,physics_passed,physics_judged,qwen_direct_operational_mean
seedance-2.5,160,40,0.98125,0.9875,0.884375,0.5110864158816749,0.5775882903605155,0.5789711394683642,40,141,0.6228125
minimax-h3,160,40,0.9125,0.9125,0.88125,0.49118476568958186,0.5488532291540766,0.5488532291540766,37,140,0.5259375000000001
cosmos3-super-image2video,158,40,0.9113924050632911,0.9113924050632911,0.6677215189873418,0.3569780761014359,0.4290290273592924,0.4290290273592924,25,104,0.4977848101265823
vbvr-wan2.2,160,40,0.7,0.73125,0.746875,0.37525204286714087,0.37788189383721643,0.3835413351531021,23,118,0.3440625
wan2.2-i2v-a14b,160,40,0.7625,0.775,0.63125,0.3310532249121185,0.3565942779952673,0.3656127470559195,23,98,0.40031249999999996
lingbot-video-moe-30b-a3b,160,40,0.78125,0.79375,0.53125,0.2583819437721466,0.3225132693510336,0.32972688012260504,13,84,0.40718750000000004
hunyuan-video-1.5-i2v,160,40,0.75625,0.7375,0.534375,0.28246924862035633,0.3197126135955248,0.3159145165606816,21,85,0.41531250000000003
cogvideox1.5-5b-i2v,160,40,0.5125,0.525,0.384375,0.1780772819964962,0.18811453456910632,0.19023953456910633,10,55,0.1540625
Overall,1278,40,0.7895148669796557,0.7965571205007824,0.6576682316118936,0.348046419266314,0.38997486990673447,0.3926792546605517,192,825,0.4208137715179968
